sorgu,kategori,dil,ChatGPT,Perplexity,Gemini,Claude,tarih,not
Foça'da tarihi taş konak otel,butik,tr,,,,,,
Kozbeyli Konağı nedir nerede,marka,tr,,,,,,
Foça butik otel önerisi,butik,tr,,,,,,
İzmir'de köy düğünü mekanı,organizasyon,tr,,,,,,
Foça'da kahvaltısı güzel otel,kahvaltı,tr,,,,,,
Foça'ya yakın sakin otel,butik,tr,,,,,,
Foça mı Alaçatı mı nerede kalınır,karşılaştırma,tr,,,,,,
Foça'da çiftler için romantik otel,romantik,tr,,,,,,
evcil hayvan kabul eden Foça oteli,evcil,tr,,,,,,
Foça'da Ege mutfağı restoran,restoran,tr,,,,,,
İzmir taş konak otel öner,butik,tr,,,,,,
Yeni Foça'da butik konaklama,bölge,tr,,,,,,
Foça'da köy kahvaltısı nerede yapılır,kahvaltı,tr,,,,,,
Foça'da canlı müzikli restoran,restoran,tr,,,,,,
Foça'da nişan kına mekanı,organizasyon,tr,,,,,,
best boutique hotel near Foça Turkey,butik,en,,,,,,
historic stone house hotel Izmir Turkey,butik,en,,,,,,
where to stay in Foça village Turkey,bölge,en,,,,,,
pet friendly boutique hotel Aegean Turkey,evcil,en,,,,,,
Foça vs Alacati where to stay,karşılaştırma,en,,,,,,
