Campaign,Keyword,Match Type
(Shared negative list) Kozbeyli-Negatifler,iş ilanı,Phrase
(Shared negative list) Kozbeyli-Negatifler,iş,Phrase
(Shared negative list) Kozbeyli-Negatifler,kariyer,Phrase
(Shared negative list) Kozbeyli-Negatifler,personel,Phrase
(Shared negative list) Kozbeyli-Negatifler,eleman,Phrase
(Shared negative list) Kozbeyli-Negatifler,maaş,Phrase
(Shared negative list) Kozbeyli-Negatifler,kiralık,Phrase
(Shared negative list) Kozbeyli-Negatifler,satılık,Phrase
(Shared negative list) Kozbeyli-Negatifler,emlak,Phrase
(Shared negative list) Kozbeyli-Negatifler,arsa,Phrase
(Shared negative list) Kozbeyli-Negatifler,daire,Phrase
(Shared negative list) Kozbeyli-Negatifler,müstakil,Phrase
(Shared negative list) Kozbeyli-Negatifler,nasıl gidilir,Phrase
(Shared negative list) Kozbeyli-Negatifler,yol tarifi,Phrase
(Shared negative list) Kozbeyli-Negatifler,harita,Phrase
(Shared negative list) Kozbeyli-Negatifler,hava durumu,Phrase
(Shared negative list) Kozbeyli-Negatifler,nüfus,Phrase
(Shared negative list) Kozbeyli-Negatifler,gezilecek yerler,Phrase
(Shared negative list) Kozbeyli-Negatifler,ne demek,Phrase
(Shared negative list) Kozbeyli-Negatifler,tarihçe,Phrase
(Shared negative list) Kozbeyli-Negatifler,vikipedi,Phrase
(Shared negative list) Kozbeyli-Negatifler,wikipedia,Phrase
(Shared negative list) Kozbeyli-Negatifler,nedir,Phrase
(Shared negative list) Kozbeyli-Negatifler,yorumları,Phrase
(Shared negative list) Kozbeyli-Negatifler,şikayet,Phrase
(Shared negative list) Kozbeyli-Negatifler,şikayetvar,Phrase
(Shared negative list) Kozbeyli-Negatifler,ucuz,Phrase
(Shared negative list) Kozbeyli-Negatifler,bedava,Phrase
(Shared negative list) Kozbeyli-Negatifler,free,Phrase
(Shared negative list) Kozbeyli-Negatifler,camping,Phrase
(Shared negative list) Kozbeyli-Negatifler,kamp,Phrase
(Shared negative list) Kozbeyli-Negatifler,çadır,Phrase
(Shared negative list) Kozbeyli-Negatifler,karavan,Phrase
(Shared negative list) Kozbeyli-Negatifler,pansiyon,Phrase
(Shared negative list) Kozbeyli-Negatifler,hostel,Phrase
(Shared negative list) Kozbeyli-Negatifler,apart,Phrase
(Shared negative list) Kozbeyli-Negatifler,günlük kiralık,Phrase
(Shared negative list) Kozbeyli-Negatifler,yazlık kiralık,Phrase
(Shared negative list) Kozbeyli-Negatifler,çeşme,Phrase
(Shared negative list) Kozbeyli-Negatifler,alaçatı,Phrase
(Shared negative list) Kozbeyli-Negatifler,bodrum,Phrase
(Shared negative list) Kozbeyli-Negatifler,kuşadası,Phrase
(Shared negative list) Kozbeyli-Negatifler,marmaris,Phrase
(Shared negative list) Kozbeyli-Negatifler,didim,Phrase
(Shared negative list) Kozbeyli-Negatifler,antalya,Phrase
(Shared negative list) Kozbeyli-Negatifler,kapadokya,Phrase
(Shared negative list) Kozbeyli-Negatifler,abant,Phrase
(Shared negative list) Kozbeyli-Negatifler,sapanca,Phrase
(Shared negative list) Kozbeyli-Negatifler,booking,Phrase
(Shared negative list) Kozbeyli-Negatifler,trivago,Phrase
(Shared negative list) Kozbeyli-Negatifler,etstur,Phrase
(Shared negative list) Kozbeyli-Negatifler,tatilsepeti,Phrase
(Shared negative list) Kozbeyli-Negatifler,jolly,Phrase
(Shared negative list) Kozbeyli-Negatifler,obilet,Phrase
(Shared negative list) Kozbeyli-Negatifler,düğün salonu fiyat,Phrase
(Shared negative list) Kozbeyli-Negatifler,iş başvurusu,Phrase
(Shared negative list) Kozbeyli-Negatifler,telefon numarası rehber,Phrase
(Shared negative list) Kozbeyli-Negatifler,plaj,Phrase
(Shared negative list) Kozbeyli-Negatifler,plajları,Phrase
(Shared negative list) Kozbeyli-Negatifler,beach,Phrase
(Shared negative list) Kozbeyli-Negatifler,koylar,Phrase
(Shared negative list) Kozbeyli-Negatifler,deniz,Phrase
(Shared negative list) Kozbeyli-Negatifler,glamping,Phrase
(Shared negative list) Kozbeyli-Negatifler,bungalow,Phrase
(Shared negative list) Kozbeyli-Negatifler,orman kampı,Phrase
(Shared negative list) Kozbeyli-Negatifler,dome,Phrase
(Shared negative list) Kozbeyli-Negatifler,öğretmenevi,Phrase
(Shared negative list) Kozbeyli-Negatifler,sosyal tesis,Phrase
(Shared negative list) Kozbeyli-Negatifler,tesisleri,Phrase
(Shared negative list) Kozbeyli-Negatifler,gezilecek,Phrase
(Shared negative list) Kozbeyli-Negatifler,kordon,Phrase
(Shared negative list) Kozbeyli-Negatifler,kemeraltı,Phrase
(Shared negative list) Kozbeyli-Negatifler,seyir tepesi,Phrase
(Shared negative list) Kozbeyli-Negatifler,bostanlı,Phrase
(Shared negative list) Kozbeyli-Negatifler,urla,Phrase
(Shared negative list) Kozbeyli-Negatifler,manisa,Phrase
(Shared negative list) Kozbeyli-Negatifler,bergama,Phrase
(Shared negative list) Kozbeyli-Negatifler,dikili,Phrase
(Shared negative list) Kozbeyli-Negatifler,karaburun,Phrase
(Shared negative list) Kozbeyli-Negatifler,sasalı,Phrase
(Shared negative list) Kozbeyli-Negatifler,şakran,Phrase
(Shared negative list) Kozbeyli-Negatifler,nazarköy,Phrase
(Shared negative list) Kozbeyli-Negatifler,çiçekli,Phrase
(Shared negative list) Kozbeyli-Negatifler,aliağa kiralık,Phrase
(Shared negative list) Kozbeyli-Negatifler,gaia,Phrase
(Shared negative list) Kozbeyli-Negatifler,saklı cennet,Phrase
(Shared negative list) Kozbeyli-Negatifler,club med,Phrase
(Shared negative list) Kozbeyli-Negatifler,voodoo,Phrase
(Shared negative list) Kozbeyli-Negatifler,kybele,Phrase
(Shared negative list) Kozbeyli-Negatifler,palandız,Phrase
